"","Close","High","Low","Open","Volume","Daily_Return_Pct","Log_Return","Volatility_30d","RSI_14","MACD"
"Close",1,0.998983820499717,0.998864168080804,0.997795291117638,0.57268050665028,0.0153175160065203,0.0199062319764355,-0.231667971718881,0.121560950572432,0.201220473095702
"High",0.998983820499717,1,0.998098811808795,0.999107832057555,0.585993372222994,-0.0101455983511545,-0.00617224861906487,-0.223091498775074,0.112258890154974,0.199677219456215
"Low",0.998864168080804,0.998098811808795,1,0.998344242145816,0.555640531878436,-0.00517231876382809,0.000629535455938257,-0.243236369399921,0.115203601947977,0.198534078017348
"Open",0.997795291117638,0.999107832057555,0.998344242145816,1,0.575491738847795,-0.0350566363378244,-0.0301280559989394,-0.231311372741576,0.103165057143813,0.196148470190063
"Volume",0.57268050665028,0.585993372222994,0.555640531878436,0.575491738847795,1,-0.00267006747485644,-0.013646972341109,0.0937348776988587,0.206394156433473,0.248235521061462
"Daily_Return_Pct",0.0153175160065203,-0.0101455983511545,-0.00517231876382809,-0.0350566363378244,-0.00267006747485644,1,0.997346365841988,0.014063845864176,0.349518311453499,0.0650206452983866
"Log_Return",0.0199062319764355,-0.00617224861906487,0.000629535455938257,-0.0301280559989394,-0.013646972341109,0.997346365841988,1,-0.00364107265103388,0.349161825978532,0.0643459116458546
"Volatility_30d",-0.231667971718881,-0.223091498775074,-0.243236369399921,-0.231311372741576,0.0937348776988587,0.014063845864176,-0.00364107265103388,1,-0.0631637036876014,-0.0555501715828479
"RSI_14",0.121560950572432,0.112258890154974,0.115203601947977,0.103165057143813,0.206394156433473,0.349518311453499,0.349161825978532,-0.0631637036876014,1,0.683233053793813
"MACD",0.201220473095702,0.199677219456215,0.198534078017348,0.196148470190063,0.248235521061462,0.0650206452983866,0.0643459116458546,-0.0555501715828479,0.683233053793813,1
