,Close,High,Low,Open,Volume,Daily_Return_Pct,Log_Return,Volatility_30d,RSI_14,MACD
Close,1.0,0.9989933154975117,0.9988750444537701,0.9978165588514957,0.5774546575857427,0.012668819732255731,0.01728288674487258,-0.23166797171888054,0.11259690324440536,0.1989556860600082
High,0.9989933154975117,1.0,0.9981170187799117,0.9991161247828595,0.5906114974655692,-0.0125937168657666,-0.008597468136278655,-0.22309149877507334,0.10339643817681843,0.1974287966225546
Low,0.9988750444537701,0.9981170187799117,1.0,0.9983607459885893,0.5606186830387709,-0.007702361514930844,-0.0018898660204290446,-0.2432363693999203,0.10625174427789243,0.19627494233979575
Open,0.9978165588514957,0.9991161247828595,0.9983607459885893,1.0,0.5802501679521157,-0.037319460989217,-0.03238079236252816,-0.23131137274157595,0.09432946232643014,0.1939036837312231
Volume,0.5774546575857427,0.5906114974655692,0.5606186830387709,0.5802501679521157,1.0,-0.00545539233284549,-0.016234290785000403,0.09373487769885896,0.19526990417272055,0.24523127743303488
Daily_Return_Pct,0.012668819732255731,-0.0125937168657666,-0.007702361514930844,-0.037319460989217,-0.00545539233284549,1.0,0.9973630390620353,0.014063845864176062,0.34986632613432345,0.06476015694546894
Log_Return,0.01728288674487258,-0.008597468136278655,-0.0018898660204290446,-0.03238079236252816,-0.016234290785000403,0.9973630390620353,1.0,-0.0036410726510338887,0.34939902202350215,0.0640976848360508
Volatility_30d,-0.23166797171888054,-0.22309149877507334,-0.2432363693999203,-0.23131137274157595,0.09373487769885896,0.014063845864176062,-0.0036410726510338887,1.0,-0.06316370368759883,-0.05555017158284776
RSI_14,0.11259690324440536,0.10339643817681843,0.10625174427789243,0.09432946232643014,0.19526990417272055,0.34986632613432345,0.34939902202350215,-0.06316370368759883,1.0,0.6799407665167707
MACD,0.1989556860600082,0.1974287966225546,0.19627494233979575,0.1939036837312231,0.24523127743303488,0.06476015694546894,0.0640976848360508,-0.05555017158284776,0.6799407665167707,1.0
